date	title	desc
2026-09-23	FDA approves lirafugratinib for previously treated, unresectable, locally advanced or metastatic cholangiocarcinoma	On September 23, 2026, the Food and Drug Administration approved lirafugratinib (Lyrfigtu, Elevar Therapeutics, Inc.), a kinase inhibitor, for the treatment of adults with previously treated unresectable, locally advanced or metastatic cholangiocarcinoma harboring a fibroblast growth factor receptor 2 (FGFR2) gene fusion or other rearrangement.
2026-09-18	FDA approves imlunestrant in combination with abemaciclib for ER-positive, HER2-negative, ESR1-mutated advanced or metastatic breast cancer	On September 18, 2026, the Food and Drug Administration approved imlunestrant (Inluriyo) in combination with abemaciclib (Verzenio), for adults with estrogen receptor (ER)-positive, human epidermal growth factor receptor 2 (HER2)-negative, estrogen receptor 1 (ESR1)-mutated advanced or metastatic breast cancer, as detected by an FDA-authorized test, with disease progression following at least one line of endocrine therapy. Inluriyo and Verzenio are manufactured by Eli Lilly and Company.
2026-09-09	FDA grants accelerated approval to sevabertinib for locally advanced or metastatic non-squamous non-small cell lung cancer	On September 9, 2026, the Food and Drug Administration granted accelerated approval to sevabertinib (Hyrnuo, Bayer Healthcare Pharmaceuticals Inc.), a kinase inhibitor, for adult patients with locally advanced or metastatic non-squamous non-small cell lung cancer (NSCLC) whose tumors have HER2 (ERBB2) tyrosine kinase domain (TKD) activating mutations, as detected by an FDA-authorized test.
2026-09-04	FDA grants accelerated approval to camizestrant with a CDK4/6 inhibitor for ESR1-Mutated HR-positive, HER2-negative locally advanced or metastatic breast cancer	On September 4, 2026, the Food and Drug Administration granted accelerated approval to camizestrant (Etcamah, AstraZeneca), an estrogen receptor antagonist, in combination with a CDK4/6 inhibitor (abemaciclib, palbociclib, or ribociclib) for adults with hormone receptor (HR)-positive, human epidermal growth factor receptor 2 (HER2)-negative locally advanced or metastatic breast cancer upon detection of estrogen receptor-1 (ESR1) mutation during aromatase inhibitor and CDK4/6 inhibitor therapy, based on an FDA-authorized test.
2026-08-26	FDA approves daraxonrasib for metastatic pancreatic adenocarcinoma	On August 26, 2026, the Food and Drug Administration approved daraxonrasib (RASONQUE, Revolution Medicines, Inc.), an inhibitor of the RAS GTPase family, for adults with metastatic pancreatic adenocarcinoma who have received at least one prior systemic therapy or who are not candidates for multiagent systemic therapy.
2026-08-25	FDA approves zanidatamab-hrii and tislelizumab-jsgr for HER2-positive gastric, gastroesophageal junction, or esophageal adenocarcinoma	On August 25, 2026, the Food and Drug Administration approved zanidatamab-hrii (Ziihera, Jazz Pharmaceuticals) in combination with fluoropyrimidine- and platinum-containing chemotherapy and tislelizumab-jsgr (Tevimbra, BeOne Medicines USA, Inc.), as first-line treatment for adults with HER2-positive (IHC 3+ or IHC 2+/ISH+) unresectable locally advanced or metastatic gastric, gastroesophageal junction, or esophageal adenocarcinoma, as detected by an FDA-approved test, and in combination with fluoropyrimidine-, and platinum-containing chemotherapy, as first-line treatment for adults with HER2-positive (IHC 3+) unresectable locally advanced or metastatic gastric, gastroesophageal junction, or esophageal adenocarcinoma, as detected by an FDA-approved test.: dolutegravir
2026-08-13	FDA grants accelerated approval to iberdomide with daratumumab and hyaluronidase-fihj and dexamethasone for multiple myeloma	On August 13, 2026, the Food and Drug Administration granted accelerated approval to iberdomide (Zenbexus, Bristol-Myers Squibb Company) in combination with daratumumab and hyaluronidase-fihj and dexamethasone for adults with multiple myeloma who have received at least one prior line of therapy including a proteasome inhibitor and an immunomodulatory agent.
2026-08-06	FDA grants accelerated approval to vusolimogene oderparepvec-wtpg in combination with nivolumab for melanoma	On August 6, 2026, the Food and Drug Administration granted accelerated approval to vusolimogene oderparepvec-wtpg (Tudriqev, Replimune, Inc.), a genetically modified oncolytic viral therapy, in combination with nivolumab for the treatment of adult patients with unresectable advanced cutaneous melanoma who experienced disease progression on a programmed death receptor-1 (PD-1)-blocking antibody-based regimen.
2026-07-31	FDA approves lutetium Lu 177 vipivotide tetraxetan with androgen receptor pathway inhibitor therapy for metastatic androgen pathway modulation-naïve or -sensitive prostate cancer	On July 31, 2026, the Food and Drug Administration approved lutetium Lu 177 vipivotide tetraxetan (Pluvicto, Novartis Pharmaceuticals Corporation) in combination with androgen receptor pathway inhibitor (ARPI) therapy for adults with prostate-specific membrane antigen (PSMA)-positive metastatic androgen pathway modulation-naïve or-sensitive (mAPMN/S) prostate cancer (previously referred to as metastatic hormone-sensitive prostate cancer).
2026-07-22	FDA approves zidesamtinib for ROS1 -positive non-small cell lung cancer	On July 22, 2026, the Food and Drug Administration approved zidesamtinib (Jideytro, Nuvalent, Inc.) for adults with locally advanced or metastatic ROS1 -positive non-small cell lung cancer (NSCLC) who received at least one prior ROS1 tyrosine kinase inhibitor (TKI).
2026-07-14	FDA approves gedatolisib with fulvestrant, with or without palbociclib, for HR-positive, HER2-negative locally advanced or metastatic breast cancer	On July 14, 2026, the Food and Drug Administration approved gedatolisib (Revtorpyk, Celcuity Inc.) in combination with fulvestrant, with or without palbociclib, for adults with hormone receptor (HR)-positive, human epidermal growth factor receptor 2 (HER2)-negative locally advanced or metastatic breast cancer without a PIK3CA mutation detected following progression on or after treatment with at least one line of endocrine therapy in the metastatic setting.
2026-07-14	FDA grants traditional approval to selpercatinib for locally advanced or metastatic RET fusion-positive solid tumors	On July 14, 2026, the Food and Drug Administration granted traditional approval to selpercatinib (Retevmo, Eli Lilly and Company) for adult and pediatric patients two years of age and older with locally advanced or metastatic solid tumors with a RET gene fusion, as detected by an FDA-approved test, that have progressed on or following prior systemic treatment or who have no satisfactory alternative treatment options.
2026-07-10	FDA approves pembrolizumab or pembrolizumab and berahyaluronidase alfa-pmph each with enfortumab vedotin-ejfv for muscle invasive bladder cancer	On July 10, 2026, the Food and Drug Administration approved pembrolizumab (Keytruda, Merck) or pembrolizumab and berahyaluronidase alfa-pmph (Keytruda Qlex, Merck) each in combination with enfortumab vedotin-ejfv (Padcev, Astellas Pharma) as neoadjuvant treatment (before surgery) followed by adjuvant treatment after cystectomy (surgery to remove the bladder) for adults with muscle invasive bladder cancer (MIBC). This extends the prior approval for the regimen in this setting from patients who are cisplatin-ineligible to all patients with MIBC who are candidates for cystectomy.
2026-07-09	FDA approves isatuximab-irfc for subcutaneous injection for multiple myeloma indications	On July 9, 2026, the Food and Drug Administration approved isatuximab-irfc (Sarclisa Escena, Sanofi-Aventis U.S. LLC) for subcutaneous injection for multiple myeloma indications.
2026-06-30	FDA approves allogeneic regulatory T cell-based immunotherapy with HSPC and T cells-vldq for use in matched donor hematopoietic stem cell transplantation for adults with hematologic malignancies	On June 30, 2026, the Food and Drug Administration approved allogeneic regulatory T cell-based immunotherapy with hematopoietic stem and progenitor cell (HSPC) and T cells-vldq (Tregzi, Orca Bio) for use in matched donor hematopoietic stem cell transplantation (HSCT) with a myeloablative preparative regimen, for hematopoietic and immunologic reconstitution and to improve chronic graft-versus-host disease (cGHVD)-free survival, in the treatment of adults with hematological malignancies.
2026-06-24	FDA approves sacituzumab govitecan-hziy as monotherapy and in combination with pembrolizumab for first-line treatment of triple-negative breast cancer	On June 24, 2026, the Food and Drug Administration approved sacituzumab govitecan-hziy (Trodelvy, Gilead Sciences, Inc.) for two indications in adults with triple-negative breast cancer (TNBC).
2026-06-24	FDA approves palbociclib with trastuzumab, with or without pertuzumab, and endocrine therapy for the maintenance treatment of HR-positive, HER2-positive metastatic breast cancer	On June 24, 2026, the Food and Drug Administration approved palbociclib (Ibrance, Pfizer Inc.) in combination with trastuzumab, with or without pertuzumab, and endocrine therapy for the maintenance treatment of adults with HR-positive, HER2-positive locally advanced or metastatic breast cancer following induction treatment.
2026-06-12	FDA approves capivasertib with abiraterone and prednisone for PTEN-deficient androgen pathway modulation-naïve or -sensitive prostate cancer	On June 12, 2026, the Food and Drug Administration approved capivasertib (Truqap, AstraZeneca) in combination with abiraterone and prednisone for adults with metastatic androgen pathway modulation-naïve or -sensitive (mAPMN/S) prostate cancer (previously referred to as metastatic hormone-sensitive prostate cancer) that is PTEN-deficient as detected by an FDA-authorized test.
2026-06-12	FDA approves belzutifan with pembrolizumab for adjuvant treatment of renal cell carcinoma	On June 12, 2026, the Food and Drug Administration approved belzutifan (Welireg, Merck & Co., Inc.) in combination with pembrolizumab (Keytruda, Merck & Co., Inc.) or pembrolizumab and berahyaluronidase alfa-pmph (Keytruda Qlex, Merck & Co., Inc.) for the adjuvant treatment of adults with renal cell carcinoma with a clear cell component (ccRCC) at intermediate-high or high risk of recurrence following nephrectomy, or following nephrectomy and resection of metastatic lesions.
2026-05-28	FDA approves durvalumab in combination with Bacillus Calmette-Guerin for high-risk non-muscle invasive bladder cancer	On May 28, 2026, the Food and Drug Administration approved durvalumab (Imfinzi, AstraZeneca) in combination with Bacillus Calmette-Guerin (BCG) for the treatment of adult patients with BCG-naïve, high-risk non-muscle invasive bladder cancer (NMIBC).
2026-05-27	FDA approves pivekimab sunirine-pvzy for blastic plasmacytoid dendritic cell neoplasm, an ultra-rare hematologic malignancy	On May 27, 2026, the Food and Drug Administration approved pivekimab sunirine-pvzy (Decnupaz, AbbVie, Inc.), a CD123-directed antibody and alkylating agent conjugate, for adults with blastic plasmacytoid dendritic cell neoplasm (BPDCN).
2026-05-22	FDA approves datopotamab deruxtecan-dlnk for unresectable or metastatic triple-negative breast cancer	On May 22, 2026, the Food and Drug Administration approved datopotamab deruxtecan-dlnk (Datroway, Daiichi Sankyo, Inc.) for adult patients with unresectable or metastatic triple-negative breast cancer (TNBC) who are not candidates for PD-1/PD-L1 inhibitor therapy.
2026-05-15	FDA approves two separate indications for fam-trastuzumab deruxtecan-nxki in HER2-positive early-stage breast cancer	On May 15, 2026, the Food and Drug Administration (FDA) approved fam-trastuzumab deruxtecan-nxki (T-DXd, Enhertu, Daiichi Sankyo, Inc.) for two separate indications in adults with HER2-positive early-stage breast cancer. The first indication is for T-DXd followed by a taxane, trastuzumab, and pertuzumab (THP), for the neoadjuvant treatment of adult patients with HER2-positive (IHC 3+ or ISH+) Stage II or III breast cancer, as determined by an FDA-authorized test. The second indication is for T-DXd for the adjuvant treatment of adult patients with HER2-positive (IHC 3+ or ISH+) breast cancer who have residual invasive disease following neoadjuvant treatment with trastuzumab (with or without pertuzumab) and taxane-based treatment.
2026-05-15	FDA approves atezolizumab for adjuvant treatment of muscle invasive bladder cancer in patients with molecular residual disease	On May 15, 2026, the Food and Drug Administration approved atezolizumab (Tecentriq, Genentech, Inc. and atezolizumab and hyaluronidase-tqjs (Tecentriq Hybreza, Genentech, Inc.) as adjuvant treatments for adults with muscle invasive bladder cancer (MIBC) after cystectomy who have circulating tumor DNA molecular residual disease (ctDNA MRD) as determined by an FDA-authorized test.
2026-05-13	FDA approves oral combination of decitabine and cedazuridine tablets with venetoclax for newly diagnosed acute myeloid leukemia	On May 13, 2026, the Food and Drug Administration approved an oral combination of decitabine and cedazuridine tablets (Inqovi, Taiho Oncology, Inc.) with venetoclax for the treatment of newly diagnosed acute myeloid leukemia (AML) in adults 75 years or older, or who have comorbidities that preclude the use of intensive induction chemotherapy.
2026-05-13	FDA grants accelerated approval to sonrotoclax for relapsed or refractory mantle cell lymphoma	On May 13, 2026, the Food and Drug Administration granted accelerated approval to sonrotoclax (Beqalzi, BeOne Medicines USA, Inc.), a BCL-2 inhibitor, for adults with relapsed or refractory mantle cell lymphoma (MCL) after at least two lines of systemic therapy, including a Bruton’s tyrosine kinase (BTK) inhibitor.
2026-05-08	FDA approves zenocutuzumab-zbco for advanced, unresectable or metastatic cholangiocarcinoma	On May 8, 2026, the Food and Drug Administration approved zenocutuzumab-zbco (Bizengri, Partner Therapeutics, Inc.) for adults with advanced, unresectable or metastatic cholangiocarcinoma harboring a neuregulin 1 (NRG1) gene fusion with disease progression on or after prior systemic therapy. NRG1-fusion positive cholangiocarcinoma is an extremely rare, life-threatening malignancy.
2026-05-01	FDA approves vepdegestrant for ER-positive, HER2-negative, ESR1-mutated advanced or metastatic breast cancer	On May 1, 2026, the Food and Drug Administration approved vepdegestrant (Veppanu, Arvinas Operations, Inc.), a heterobifunctional protein degrader, for adults with estrogen receptor (ER)-positive, human epidermal growth factor receptor 2 (HER2)-negative, ESR1 -mutated advanced or metastatic breast cancer, as detected by an FDA-authorized test, with disease progression following at least one line of endocrine therapy.
2026-03-25	FDA approves relacorilant with nab-paclitaxel for platinum-resistant epithelial ovarian, fallopian tube, or primary peritoneal cancer	On March 25, 2026, the Food and Drug Administration approved relacorilant (Lifyorli, Corcept Therapeutics Inc.), a glucocorticoid receptor antagonist, in combination with nab-paclitaxel for the treatment of adults with platinum-resistant epithelial ovarian, fallopian tube, or primary peritoneal cancer who have received one to three prior systemic treatment regimens, at least one of which included bevacizumab.
2026-03-20	FDA approves nivolumab with chemotherapy for previously untreated Hodgkin lymphoma	On March 20, 2026, the Food and Drug Administration approved nivolumab (Opdivo, Bristol Myers Squibb Company) with doxorubicin, vinblastine, and dacarbazine (AVD) for adult and pediatric patients 12 years and older with previously untreated, Stage III or IV classical Hodgkin lymphoma (cHL).
2026-03-05	FDA approves teclistamab in combination with daratumumab hyaluronidase-fihj for relapsed or refractory multiple myeloma	On March 5, 2026, the Food and Drug Administration approved teclistamab (Tecvayli, Janssen Biotech, Inc.) in combination with daratumumab hyaluronidase-fihj for adult patients with relapsed or refractory multiple myeloma who have received at least one prior line of therapy including a proteasome inhibitor and an immunomodulatory agent.
2026-02-26	FDA grants accelerated approval to zongertinib for unresectable or metastatic non-squamous non-small cell lung cancer	On February 26, 2026, the Food and Drug Administration granted accelerated approval to zongertinib (Hernexeos, Boehringer Ingelheim Pharmaceuticals, Inc.), a kinase inhibitor, for an expanded indication for adults with unresectable or metastatic non-squamous non-small cell lung cancer (NSCLC) whose tumors have HER2 (ERBB2) tyrosine kinase domain (TKD) activating mutations, as detected by an FDA-authorized test.
2026-02-24	FDA grants traditional approval to encorafenib for metastatic colorectal cancer with a BRAF V600E mutation	On February 24, 2026, the Food and Drug Administration granted traditional approval to encorafenib (Braftovi, Array BioPharma Inc., a subsidiary of Pfizer Inc.) in combination with cetuximab and fluorouracil-based chemotherapy for the treatment of adult patients with metastatic colorectal cancer (CRC) with a BRAF V600E mutation, as detected by an FDA-authorized test. Encorafenib received accelerated approval in combination with cetuximab and mFOLFOX6 for metastatic colorectal cancer with BRAF V600E mutation in 2024.
2026-02-19	FDA approves acalabrutinib with venetoclax for chronic lymphocytic leukemia or small lymphocytic lymphoma	On February 19, 2026, the Food and Drug Administration approved acalabrutinib (Calquence, AstraZeneca) tablets and capsules in combination with venetoclax (Venclexta, AbbVie Inc. and Genentech Inc.) for adults with chronic lymphocytic leukemia (CLL) or small lymphocytic lymphoma (SLL).
2026-02-10	FDA approves pembrolizumab with paclitaxel for platinum-resistant epithelial ovarian, fallopian tube, or primary peritoneal carcinoma	On February 10, 2026, the Food and Drug Administration approved pembrolizumab (Keytruda, Merck) as well as pembrolizumab and berahyaluronidase alfa-pmph (Keytruda Qlex, Merck) in combination with paclitaxel, with or without bevacizumab, for adult patients with platinum-resistant epithelial ovarian, fallopian tube, or primary peritoneal carcinoma whose tumors express PD-L1 (CPS≥1) as determined by an FDA-authorized test, and who have received one or two prior systemic treatment regimens.
2026-02-05	Safety labeling update for capecitabine and fluorouracil (5-FU) on risks associated with dihydropyrimidine dehydrogenase (DPD) deficiency	The U.S. Food and Drug Administration (FDA) is providing this communication to increase awareness of recent updates to the product labeling of capecitabine (Xeloda) and fluorouracil (5-FU) related to risks associated with dihydropyrimidine dehydrogenase (DPD) deficiency. All healthcare providers should be aware of the risks of DPD deficiency, inform patients prior to treatment about the potential for serious and life-threatening toxicities due to DPD deficiency, and test patients for genetic variants of DPYD prior to initiating treatment with capecitabine or 5-FU unless immediate treatment is necessary.
2026-01-27	FDA approves daratumumab and hyaluronidase-fihj with bortezomib, lenalidomide, and dexamethasone for newly diagnosed multiple myeloma	On January 27, 2026, the Food and Drug Administration approved daratumumab and hyaluronidase-fihj (Darzalex Faspro, Janssen Biotech, Inc.) in combination with bortezomib, lenalidomide, and dexamethasone (VRd) for adults with newly diagnosed multiple myeloma who are ineligible for autologous stem cell transplant (ASCT).
2025-12-17	FDA approves amivantamab and hyaluronidase-lpuj for subcutaneous injection	On December 17, 2025, the Food and Drug Administration approved amivantamab and hyaluronidase-lpuj (Rybrevant Faspro, Janssen Biotech, Inc.) for subcutaneous injection for adult patients across all indications approved for the intravenous formulation of amivantamab (Rybrevant, Janssen Biotech, Inc.). See the prescribing information for the specific indications.
2025-12-17	FDA grants regular approval to rucaparib for metastatic castration-resistant prostate cancer	On December 17, 2025, the Food and Drug Administration approved rucaparib (Rubraca, pharmaand GmbH) for adults with a deleterious BRCA mutation ( BRCA m) (germline and/or somatic)-associated metastatic castration-resistant prostate cancer (mCRPC) previously treated with an androgen receptor-directed therapy. Patients should be selected for therapy using an FDA-approved companion diagnostic (CDx).
2025-12-15	FDA approves fam-trastuzumab deruxtecan-nxki with pertuzumab for unresectable or metastatic HER2-positive breast cancer	On December 15, 2025, the Food and Drug Administration approved fam-trastuzumab deruxtecan-nxki (Enhertu, Daiichi Sankyo, Inc.) in combination with pertuzumab for the first-line treatment of adults with unresectable or metastatic HER2-positive (IHC 3+ or ISH+) breast cancer as determined by an FDA-approved test.
2025-12-12	FDA approves niraparib and abiraterone acetate plus prednisone for BRCA2-mutated metastatic castration-sensitive prostate cancer	On December 12, 2025, the Food and Drug Administration approved niraparib and abiraterone acetate (Akeega, Janssen Biotech, Inc.) with prednisone for adults with deleterious or suspected deleterious BRCA2-mutated (BRCA2m) metastatic castration-sensitive prostate cancer (mCSPC), as determined by an FDA-approved test.
2025-12-04	FDA approves lisocabtagene maraleucel for relapsed or refractory marginal zone lymphoma	On December 4, 2025, the Food and Drug Administration approved lisocabtagene maraleucel (Breyanzi, Juno Therapeutics, Inc., a Bristol-Myers Squibb Company) for adults with relapsed or refractory marginal zone lymphoma (MZL) who have received at least two prior lines of systemic therapy
2025-12-03	FDA grants traditional approval to pirtobrutinib for chronic lymphocytic leukemia and small lymphocytic lymphoma	On December 3, 2025, the Food and Drug Administration granted traditional approval to pirtobrutinib (Jaypirca, Eli Lilly and Company) for adults with relapsed or refractory chronic lymphocytic leukemia or small lymphocytic lymphoma (CLL/SLL) who have previously been treated with a covalent BTK inhibitor. In 2023, FDA granted accelerated approval to pirtobrutinib for adults with CLL/SLL who have received at least two prior lines of therapy, including a BTK inhibitor and a BCL-2 inhibitor.
2025-11-25	FDA approves durvalumab for resectable gastric or gastroesophageal junction adenocarcinoma	On November 25, 2025, the Food and Drug Administration approved durvalumab (Imfinzi, AstraZeneca) with fluorouracil, leucovorin, oxaliplatin, and docetaxel (FLOT) chemotherapy as neoadjuvant and adjuvant treatment, followed by single agent durvalumab, for adults with resectable gastric or gastroesophageal junction adenocarcinoma (GC/GEJC).
2025-11-21	FDA approves pembrolizumab with enfortumab vedotin-ejfv for muscle invasive bladder cancer	On November 21, 2025, the Food and Drug Administration approved pembrolizumab (Keytruda, Merck) or pembrolizumab and berahyaluronidase alfa-pmph (Keytruda Qlex, Merck) with enfortumab vedotin-ejfv (Padcev, Astellas Pharma) as neoadjuvant treatment followed by adjuvant treatment after cystectomy for adults with muscle invasive bladder cancer (MIBC) who are ineligible for cisplatin.
2025-11-19	FDA grants traditional approval to tarlatamab-dlle for extensive stage small cell lung cancer	On November 19, 2025, the Food and Drug Administration granted traditional approval to tarlatamab-dlle (Imdelltra, Amgen Inc.) for adults with extensive stage small cell lung cancer (ES-SCLC) with disease progression on or after platinum-based chemotherapy. Tarlatamab-dlle received accelerated approval for this indication in 2024.
2025-11-19	FDA grants accelerated approval to sevabertinib for non-squamous non-small cell lung cancer	On November 19, 2025, the Food and Drug Administration granted accelerated approval to sevabertinib (Hyrnuo, Bayer HealthCare Pharmaceuticals Inc.), a kinase inhibitor, for adults with locally advanced or metastatic, non-squamous non-small cell lung cancer (NSCLC) whose tumors have HER2 ( ERBB2 ) tyrosine kinase domain (TKD) activating mutations, as detected by an FDA-approved test, and who have received a prior systemic therapy.
2025-11-19	FDA grants traditional approval to daratumumab and hyaluronidase-fihj for newly diagnosed light chain amyloidosis	On November 19, 2025, the Food and Drug Administration granted traditional approval to daratumumab and hyaluronidase-fihj (Darzalex Faspro, Janssen Biotech Inc.) with bortezomib, cyclophosphamide, and dexamethasone (VCd) for newly diagnosed light chain (AL) amyloidosis. FDA granted accelerated approval for this indication in 2021.
2025-11-19	FDA approves selumetinib for adults with neurofibromatosis type 1 with symptomatic, inoperable plexiform neurofibromas	On November 19, 2025, the Food and Drug Administration approved selumetinib (KOSELUGO, AstraZeneca Pharmaceuticals LP) for adults with neurofibromatosis type 1 (NF1) who have symptomatic, inoperable plexiform neurofibromas (PN). FDA previously approved selumetinib capsules and granules for pediatric patients 1 year of age and older for this indication.
2025-11-18	FDA approves epcoritamab-bysp for follicular lymphoma indications	On November 18, 2025, the Food and Drug Administration approved epcoritamab-bysp (Epkinly, Genmab US, Inc.) with lenalidomide and rituximab for relapsed or refractory follicular lymphoma (FL). The FDA also granted traditional approval to epcoritamab-bysp as monotherapy for relapsed or refractory FL after two or more lines of systemic therapy (epcoritamab-bysp was granted accelerated approval for this indication in 2024).
2025-11-13	FDA approves new interchangeable biosimilar to Perjeta	On November 13, 2025, the Food and Drug Administration approved Poherdy (pertuzumab-dpzb, Shanghai Henlius Biologics Co. Ltd.) as an interchangeable biosimilar to Perjeta (pertuzumab, Genentech Inc.). This is the first approval of a biosimilar for Perjeta.
2025-11-13	FDA approves ziftomenib for relapsed or refractory acute myeloid leukemia with a NPM1 mutation	On November 13, 2025, the Food and Drug Administration approved ziftomenib (Komzifti, Kura Oncology, Inc.), a menin inhibitor, for adults with relapsed or refractory acute myeloid leukemia (AML) with a susceptible nucleophosmin 1 ( NPM1 ) mutation who have no satisfactory alternative treatment options.
2025-11-06	FDA approves daratumumab and hyaluronidase-fihj for high-risk smoldering multiple myeloma	On November 6, 2025, the Food and Drug Administration approved daratumumab and hyaluronidase-fihj (Darzalex Faspro, Janssen Biotech, Inc.) for adults with high-risk smoldering multiple myeloma (SMM).
2025-10-24	FDA approves revumenib for relapsed or refractory acute myeloid leukemia with a susceptible NPM1 mutation	On October 24, 2025, the Food and Drug Administration approved revumenib (Revuforj, Syndax Pharmaceuticals, Inc.), a menin inhibitor, for relapsed or refractory acute myeloid leukemia with a susceptible nucleophosmin 1 ( NPM1 ) mutation in adult and pediatric patients 1 year and older who have no satisfactory alternative treatment options.
2025-10-23	FDA approves belantamab mafodotin-blmf for relapsed or refractory multiple myeloma	On October 23, 2025, the Food and Drug Administration approved belantamab mafodotin-blmf (Blenrep, GlaxoSmithKline), a B-cell maturation antigen (BCMA)-directed antibody and microtubule inhibitor conjugate, with bortezomib and dexamethasone for adults with relapsed or refractory multiple myeloma who have received at least two prior lines of therapy, including a proteasome inhibitor and an immunomodulatory agent.
2025-10-08	FDA approves cemiplimab-rwlc for adjuvant treatment of cutaneous squamous cell carcinoma	On October 8, 2025, the Food and Drug Administration approved cemiplimab-rwlc (Libtayo, Regeneron Pharmaceuticals Inc.) for the adjuvant treatment of adults with cutaneous squamous cell carcinoma (CSCC) at high risk of recurrence after surgery and radiation.
2025-10-02	FDA approves lurbinectedin in combination with atezolizumab or atezolizumab and hyaluronidase-tqjs for extensive-stage small cell lung cancer	On October 2, 2025, the Food and Drug Administration approved lurbinectedin (Zepzelca, Jazz Pharmaceuticals, Inc.) in combination with atezolizumab (Tecentriq, Genentech Inc.) or atezolizumab and hyaluronidase-tqjs (Tecentriq Hybreza, Genentech Inc.) for the maintenance treatment of adult patients with extensive-stage small cell lung cancer (ES-SCLC) whose disease has not progressed after first-line induction therapy with atezolizumab or atezolizumab and hyaluronidase-tqjs, carboplatin, and etoposide.
2025-09-25	FDA approves imlunestrant for ER-positive, HER2-negative, ESR1-mutated advanced or metastatic breast cancer	On September 25, 2025, the Food and Drug Administration approved imlunestrant (Inluriyo, Eli Lilly and Company), an estrogen receptor antagonist, for adults with estrogen receptor (ER)-positive, human epidermal growth factor 2 (HER2)-negative, estrogen receptor-1 (ESR1)-mutated advanced or metastatic breast cancer with disease progression following at least one line of endocrine therapy.
2025-09-19	FDA approves pembrolizumab and berahyaluronidase alfa-pmph for subcutaneous injection	On September 19, 2025, the Food and Drug Administration approved pembrolizumab and berahyaluronidase alfa-pmph (Keytruda Qlex, Merck) for subcutaneous injection for adult and pediatric (12 years and older) solid tumor indications approved for the intravenous formulation of pembrolizumab (Keytruda, Merck). See the prescribing information for the specific indications.
2025-09-10	FDA approves selumetinib for pediatric patients 1 year of age and older with neurofibromatosis type 1 with symptomatic, inoperable plexiform neurofibromas	On September 10, 2025, the Food and Drug Administration approved selumetinib (KOSELUGO, AstraZeneca Pharmaceuticals LP) granules and capsules for pediatric patients 1 year of age and older with neurofibromatosis type 1 (NF1) who have symptomatic, inoperable plexiform neurofibromas (PN). FDA previously approved selumetinib capsules for pediatric patients 2 years of age and older with NF1 who have symptomatic, inoperable PN.
2025-09-09	FDA approves gemcitabine intravesical system for non-muscle invasive bladder cancer	On September 9, 2025, the Food and Drug Administration approved gemcitabine intravesical system (Inlexzo, Janssen Biotech, Inc.) for adults with Bacillus Calmette-Guérin (BCG)-unresponsive non-muscle invasive bladder cancer (NMIBC) with carcinoma in situ (CIS) with or without papillary tumors. Gemcitabine intravesical system is co-packaged with a urinary catheter and stylet used for insertion through the urinary catheter into the bladder.
2025-08-08	FDA grants accelerated approval to zongertinib for non-squamous NSCLC with HER2 TKD activating mutations	On August 8, 2025, the Food and Drug Administration granted accelerated approval to zongertinib (Hernexeos, Boehringer Ingelheim Pharmaceuticals, Inc.), a kinase inhibitor, for adults with unresectable or metastatic non-squamous non-small cell lung cancer (NSCLC) whose tumors have HER2 (ERBB2) tyrosine kinase domain (TKD) activating mutations, as detected by an FDA-approved test, and who have received prior systemic therapy.
2025-08-06	FDA grants accelerated approval to dordaviprone for diffuse midline glioma	On August 6, 2025, the Food and Drug Administration granted accelerated approval to dordaviprone (Modeyso, Jazz Pharmaceuticals, Inc.), a protease activator, for adult and pediatric patients 1 year of age and older with diffuse midline glioma harboring an H3 K27M mutation with progressive disease following prior therapy.
2025-07-02	FDA grants accelerated approval to sunvozertinib for metastatic non-small cell lung cancer with EGFR exon 20 insertion mutations	On July 2, 2025, the Food and Drug Administration granted accelerated approval to sunvozertinib (Zegfrovy, Dizal (Jiangsu) Pharmaceutical Co., Ltd.) for adult patients with locally advanced or metastatic non-small cell lung cancer (NSCLC) with epidermal growth factor receptor (EGFR) exon 20 insertion mutations, as detected by an FDA-approved test, whose disease has progressed on or after platinum-based chemotherapy.
2025-07-02	FDA grants accelerated approval to linvoseltamab-gcpt for relapsed or refractory multiple myeloma	On July 2, 2025, the Food and Drug Administration granted accelerated approval to linvoseltamab-gcpt (Lynozyfic, Regeneron Pharmaceuticals, Inc.), a bispecific B-cell maturation antigen (BCMA)-directed CD3 T-cell engager, for adults with relapsed or refractory multiple myeloma who have received at least four prior lines of therapy, including a proteasome inhibitor (PI), an immunomodulatory agent (IMiD), and an anti-CD38 monoclonal antibody.
2025-06-23	FDA grants accelerated approval to datopotamab deruxtecan-dlnk for EGFR-mutated non-small cell lung cancer	On June 23, 2025, the Food and Drug Administration granted accelerated approval to datopotamab deruxtecan-dlnk (Datroway, Daiichi Sankyo, Inc.) for adults with locally advanced or metastatic epidermal growth factor receptor (EGFR)-mutated non-small cell lung cancer (NSCLC) who have received prior EGFR-directed therapy and platinum-based chemotherapy.
2025-06-18	FDA approves tafasitamab-cxix for relapsed or refractory follicular lymphoma	On June 18, 2025, the Food and Drug Administration approved tafasitamab-cxix (Monjuvi, Incyte Corporation) with lenalidomide and rituximab for adults with relapsed or refractory follicular lymphoma (FL).
2025-06-12	FDA approves neoadjuvant and adjuvant pembrolizumab for resectable locally advanced head and neck squamous cell carcinoma	On June 12, 2025, the Food and Drug Administration approved pembrolizumab (Keytruda, Merck) for adults with resectable locally advanced head and neck squamous cell carcinoma (HNSCC) whose tumors express PD-L1 [Combined Positive Score (CPS) ≥1] as determined by an FDA-approved test, as a single agent as neoadjuvant treatment, continued as adjuvant treatment in combination with radiotherapy (RT) with or without cisplatin after surgery, and then as a single agent.
2025-06-12	FDA approves mitomycin intravesical solution for recurrent low-grade intermediate-risk non-muscle invasive bladder cancer	On June 12, 2025, the Food and Drug Administration approved mitomycin intravesical solution (Zusduri, UroGen Pharma) for adult patients with recurrent low-grade intermediate-risk non-muscle invasive bladder cancer (LG-IR-NMIBC).
2025-06-11	FDA approves taletrectinib for ROS1-positive non-small cell lung cancer	On June 11, 2025, the Food and Drug Administration approved taletrectinib (Ibtrozi, Nuvation Bio Inc.), a kinase inhibitor, for adults with locally advanced or metastatic ROS1-positive non-small cell lung cancer (NSCLC).
2025-06-03	FDA approves darolutamide for metastatic castration-sensitive prostate cancer	On June 3, 2025, the Food and Drug Administration (FDA) approved darolutamide (Nubeqa, Bayer Healthcare Pharmaceuticals Inc.) for metastatic castration-sensitive prostate cancer (mCSPC). The FDA previously approved darolutamide in combination with docetaxel for mCSPC.
2025-05-15	FDA approves retifanlimab-dlwr with carboplatin and paclitaxel and as a single agent for squamous cell carcinoma of the anal canal	On May 15, 2025, the Food and Drug Administration approved retifanlimab-dlwr (Zynyz, Incyte Corporation) with carboplatin and paclitaxel for the first-line treatment of adults with inoperable locally recurrent or metastatic squamous cell carcinoma of the anal canal (SCAC). The FDA also approved retifanlimab-dlwr, as a single agent, for adults with locally recurrent or metastatic SCAC with disease progression on or intolerance to platinum-based chemotherapy.
2025-05-14	FDA grants accelerated approval to telisotuzumab vedotin-tllv for NSCLC with high c-Met protein overexpression	On May 14, 2025, the Food and Drug Administration granted accelerated approval to telisotuzumab vedotin-tllv (Emrelis, AbbVie Inc.), a c-Met-directed antibody and microtubule inhibitor conjugate, for adults with locally advanced or metastatic, non-squamous non-small cell lung cancer (NSCLC) with high c-Met protein overexpression [≥50% of tumor cells with strong (3+) staining], as determined by an FDA-approved test, who have received a prior systemic therapy.
2025-05-14	FDA approves belzutifan for pheochromocytoma or paraganglioma	On May 14, 2025, the Food and Drug Administration approved belzutifan (Welireg, Merck & Co., Inc.) for adult and pediatric patients 12 years and older with locally advanced, unresectable, or metastatic pheochromocytoma or paraganglioma (PPGL). This represents the first FDA approval of an oral therapy for PPGL.
2025-05-08	FDA grants accelerated approval to the combination of avutometinib and defactinib for KRAS-mutated recurrent low-grade serous ovarian cancer	On May 8, 2025, the Food and Drug Administration granted accelerated approval to the combination of avutometinib and defactinib (Avmapki Fakzynja Co-pack, Verastem, Inc.) for adult patients with KRAS-mutated recurrent low-grade serous ovarian cancer (LGSOC) who have received prior systemic therapy.
2025-04-23	FDA approves penpulimab-kcqx for non-keratinizing nasopharyngeal carcinoma	On April 23, 2025, the Food and Drug Administration approved penpulimab-kcqx (Akeso Biopharma Co., Ltd.) with cisplatin or carboplatin and gemcitabine for the first-line treatment of adults with recurrent or metastatic non-keratinizing nasopharyngeal carcinoma (NPC).
2025-04-11	FDA approves nivolumab with ipilimumab for unresectable or metastatic hepatocellular carcinoma	On April 11, 2025, the Food and Drug Administration approved nivolumab (Opdivo, Bristol Myers Squibb Company) with ipilimumab (Yervoy, Bristol Myers Squibb Company) for the first-line treatment of adult patients with unresectable or metastatic hepatocellular carcinoma (HCC).
2025-04-08	FDA approves nivolumab with ipilimumab for unresectable or metastatic MSI-H or dMMR colorectal cancer	On April 8, 2025, the Food and Drug Administration approved nivolumab (Opdivo, Bristol Myers Squibb Company) with ipilimumab (Yervoy, Bristol Myers Squibb Company) for adult and pediatric patients 12 years of age and older with unresectable or metastatic microsatellite instability-high (MSI-H) or mismatch repair deficient (dMMR) colorectal cancer (CRC). The FDA also converted the accelerated approval to regular approval for single agent nivolumab for adult and pediatric patients 12 years of age and older with MSI-H or dMMR metastatic CRC, that has progressed following fluoropyrimidine, oxaliplatin, and irinotecan.
2025-03-28	FDA approves durvalumab for muscle invasive bladder cancer	On March 28, 2025, the Food and Drug Administration approved durvalumab (Imfinzi, AstraZeneca) with gemcitabine and cisplatin as neoadjuvant treatment, followed by single agent durvalumab as adjuvant treatment following radical cystectomy, for adults with muscle invasive bladder cancer (MIBC).
2025-03-28	FDA expands Pluvicto’s metastatic castration-resistant prostate cancer indication	On March 28, 2025, the Food and Drug Administration expanded the indication for lutetium Lu 177 vipivotide tetraxetan (Pluvicto, Novartis Pharmaceuticals Corporation) to include adults with prostate-specific membrane antigen (PSMA)-positive metastatic castration-resistant prostate cancer (mCRPC) who have been treated with androgen receptor pathway inhibitor (ARPI) therapy and are considered appropriate to delay taxane-based chemotherapy.
2025-03-26	FDA approves cabozantinib for adults and pediatric patients 12 years of age and older with pNET and epNET	On March 26, 2025, the Food and Drug Administration approved cabozantinib (Cabometyx, Exelixis, Inc.) for adult and pediatric patients 12 years of age and older with previously treated, unresectable, locally advanced or metastatic, well-differentiated pancreatic neuroendocrine tumors (pNET) and well-differentiated extra-pancreatic neuroendocrine tumors (epNET).
2025-03-19	FDA approves pembrolizumab for HER2 positive gastric or gastroesophageal junction adenocarcinoma expressing PD-L1 (CPS ≥1)	On March 19, 2025, the Food and Drug Administration granted traditional approval to pembrolizumab (Keytruda, Merck) with trastuzumab, fluoropyrimidine- and platinum-containing chemotherapy for the first-line treatment of adults with locally advanced unresectable or metastatic HER2-positive gastric or gastroesophageal junction (GEJ) adenocarcinoma whose tumors express PD-L1 (CPS ≥1).
2025-02-14	FDA approves vimseltinib for symptomatic tenosynovial giant cell tumor	On February 14, 2025, the Food and Drug Administration approved vimseltinib (Romvimza, Deciphera Pharmaceuticals, LLC), a kinase inhibitor, for adult patients with symptomatic tenosynovial giant cell tumor (TGCT) for which surgical resection will potentially cause worsening functional limitation or severe morbidity.
2025-02-12	FDA approves brentuximab vedotin with lenalidomide and rituximab for relapsed or refractory large B-cell lymphoma	On February 11, 2025, the Food and Drug Administration approved brentuximab vedotin (Adcetris, Seagen Inc., a subsidiary of Pfizer) in combination with lenalidomide and a rituximab product for adult patients with relapsed or refractory large B-cell lymphoma (LBCL), including diffuse large B-cell lymphoma (DLBCL) not otherwise specified (NOS), DLBCL arising from indolent lymphoma, or high-grade B-cell lymphoma (HGBL), after two or more lines of systemic therapy who are ineligible for autologous hematopoietic stem cell transplantation (auto-HSCT) or CAR T-cell therapy.
2025-02-11	FDA approves mirdametinib for adult and pediatric patients with neurofibromatosis type 1 who have symptomatic plexiform neurofibromas not amenable to complete resection	On February 11, 2025, the Food and Drug Administration approved mirdametinib (Gomekli, SpringWorks Therapeutics, Inc.), a kinase inhibitor, for adult and pediatric patients 2 years of age and older with neurofibromatosis type 1 (NF1) who have symptomatic plexiform neurofibromas (PN) not amenable to complete resection.
2025-02-06	FDA approves treosulfan with fludarabine as a preparative regimen for alloHSCT in adult and pediatric patients with AML or MDS	On January 21, 2025, the Food and Drug Administration approved treosulfan (Grafapex, medac GmbH), an alkylating agent, with fludarabine as a preparative regimen for allogeneic hematopoietic stem cell transplantation (alloHSCT) in adult and pediatric patients 1 year of age and older with acute myeloid leukemia (AML) or myelodysplastic syndrome (MDS).
2025-01-27	FDA approves fam-trastuzumab deruxtecan-nxki for unresectable or metastatic HR-positive, HER2-low or HER2-ultralow breast cancer	On January 27, 2025, the Food and Drug Administration approved fam-trastuzumab deruxtecan-nxki (Enhertu, Daiichi Sankyo, Inc.) for unresectable or metastatic hormone receptor (HR)-positive, HER2-low (IHC 1+ or IHC 2+/ISH-) or HER2-ultralow (IHC 0 with membrane staining) breast cancer, as determined by an FDA-approved test, that has progressed on one or more endocrine therapies in the metastatic setting.
2025-01-24	Safety announcement: FDA highlights importance of DPD deficiency discussions with patients prior to capecitabine or 5FU treatment	The U.S. Food and Drug Administration (FDA) is providing this communication to increase awareness of recent updates to the product labeling of capecitabine and fluorouracil (5-FU) related to risks associated with dihydropyrimidine dehydrogenase (DPD) deficiency. All healthcare providers should be aware of the risks of DPD deficiency, inform patients prior to treatment about the potential for serious and life-threatening toxicities due to DPD deficiency, and discuss testing options for DPD deficiency with their patients.
2025-01-17	FDA approves datopotamab deruxtecan-dlnk for unresectable or metastatic, HR-positive, HER2-negative breast cancer	On January 17, 2025, the Food and Drug Administration approved datopotamab deruxtecan-dlnk (Datroway, Daiichi Sankyo, Inc.), a Trop-2-directed antibody and topoisomerase inhibitor conjugate, for adult patients with unresectable or metastatic, hormone receptor (HR)-positive, human epidermal growth factor receptor 2 (HER2)-negative (IHC 0, IHC1+ or IHC2+/ISH-) breast cancer who have received prior endocrine-based therapy and chemotherapy for unresectable or metastatic disease.
2025-01-16	FDA approves sotorasib with panitumumab for KRAS G12C-mutated colorectal cancer	On January 16, 2025, the Food and Drug Administration approved sotorasib (Lumakras, Amgen Inc.) with panitumumab (Vectibix, Amgen Inc.) for adult patients with KRAS G12C-mutated metastatic colorectal cancer (mCRC), as determined by an FDA-approved test, who have received prior fluoropyrimidine-, oxaliplatin-, and irinotecan-based chemotherapy.
2025-01-16	FDA approves acalabrutinib with bendamustine and rituximab for previously untreated mantle cell lymphoma	On January 16, 2025, the Food and Drug Administration granted traditional approval to acalabrutinib (Calquence, AstraZeneca) with bendamustine and rituximab for adults with previously untreated mantle cell lymphoma (MCL) who are ineligible for autologous hematopoietic stem cell transplantation (HSCT).
2024-12-27	FDA approves nivolumab and hyaluronidase-nvhy for subcutaneous injection	On December 27, 2024, the Food and Drug Administration approved nivolumab and hyaluronidase-nvhy (Opdivo Qvantig, Bristol Myers Squibb Company) for subcutaneous injection across approved adult, solid tumor nivolumab (Opdivo, Bristol Myers Squibb Company) indications as monotherapy, monotherapy maintenance following completion of Opdivo plus Yervoy (ipilimumab) combination therapy, or in combination with chemotherapy or cabozantinib.
2024-12-20	FDA grants accelerated approval to encorafenib with cetuximab and mFOLFOX6 for metastatic colorectal cancer with a BRAF V600E mutation	On December 20, 2024, the Food and Drug Administration granted accelerated approval to encorafenib (Braftovi, Array BioPharma Inc., a subsidiary of Pfizer Inc.) with cetuximab and mFOLFOX6 for patients with metastatic colorectal cancer (mCRC) with a BRAF V600E mutation, as detected by an FDA-approved test.
2024-12-18	FDA approves remestemcel-L-rknd for steroid-refractory acute graft versus host disease in pediatric patients	On December 18, 2024, the Food and Drug Administration approved remestemcel-L-rknd (Ryoncil, Mesoblast, Inc.), an allogeneic bone marrow-derived mesenchymal stromal cell (MSC) therapy, for steroid-refractory acute graft versus host disease (SR-aGVHD) in pediatric patients 2 months of age and older. Ryoncil is the first FDA-approved MSC therapy.
2024-12-18	FDA approves ensartinib for ALK-positive locally advanced or metastatic non-small cell lung cancer	On December 18, 2024, the Food and Drug Administration approved ensartinib (Ensacove, Xcovery Holdings, Inc.) for adult patients with anaplastic lymphoma kinase (ALK)-positive locally advanced or metastatic non-small cell lung cancer (NSCLC) who have not previously received an ALK-inhibitor.
2024-12-13	FDA approves cosibelimab-ipdl for metastatic or locally advanced cutaneous squamous cell carcinoma	On December 13, 2024, the Food and Drug Administration approved cosibelimab-ipdl (Unloxcyt, Checkpoint Therapeutics, Inc.), a programmed death ligand-1 (PD-L1) blocking antibody, for adults with metastatic cutaneous squamous cell carcinoma (mCSCC) or locally advanced CSCC (laCSCC) who are not candidates for curative surgery or curative radiation.
2024-12-04	FDA approves durvalumab for limited-stage small cell lung cancer	On December 4, 2024, the Food and Drug Administration approved durvalumab (Imfinzi, AstraZeneca) for adults with limited-stage small cell lung cancer (LS-SCLC) whose disease has not progressed following concurrent platinum-based chemotherapy and radiation therapy.
2024-12-04	FDA grants accelerated approval to zenocutuzumab-zbco for non-small cell lung cancer and pancreatic adenocarcinoma	On December 4, 2024, the Food and Drug Administration granted accelerated approval to zenocutuzumab-zbco (Bizengri, Merus N.V.) for adults with the following: advanced, unresectable, or metastatic non-small cell lung cancer (NSCLC) harboring a neuregulin 1 (NRG1) gene fusion with disease progression on or after prior systemic therapy, or advanced, unresectable, or metastatic pancreatic adenocarcinoma harboring a NRG1 gene fusion with disease progression on or after prior systemic therapy.
2024-11-21	FDA grants accelerated approval to zanidatamab-hrii for previously treated unresectable or metastatic HER2-positive biliary tract cancer	On November 20, 2024, the Food and Drug Administration granted accelerated approval to zanidatamab-hrii (Ziihera, Jazz Pharmaceuticals, Inc.), a bispecific HER2-directed antibody, for previously treated, unresectable or metastatic HER2-positive (IHC 3+) biliary tract cancer (BTC), as detected by an FDA-approved test.
2024-11-19	FDA approves updated drug labeling for fludarabine phosphate under Project Renewal	On November 19, 2024, the Food and Drug Administration approved updated drug labeling for fludarabine phosphate (Fludarabine Phosphate Injection, Sandoz) under Project Renewal, an Oncology Center of Excellence (OCE) initiative aimed at updating labeling information for certain older oncology drugs to ensure information is clinically meaningful and scientifically up to date.
2024-11-15	FDA approves revumenib for relapsed or refractory acute leukemia with a KMT2A translocation	On November 15, 2024, the Food and Drug Administration approved revumenib (Revuforj, Syndax Pharmaceuticals, Inc.), a menin inhibitor, for relapsed or refractory acute leukemia with a lysine methyltransferase 2A gene (KMT2A) translocation in adult and pediatric patients 1 year and older.
2024-11-08	FDA approves obecabtagene autoleucel for adults with relapsed or refractory B-cell precursor acute lymphoblastic leukemia	On November 8, 2024, the Food and Drug Administration approved obecabtagene autoleucel (Aucatzyl, Autolus Inc.), a CD19-directed genetically modified autologous T cell immunotherapy, for adults with relapsed or refractory B-cell precursor acute lymphoblastic leukemia (ALL).
2024-10-29	FDA grants accelerated approval to asciminib for newly diagnosed chronic myeloid leukemia	On October 29, 2024, the Food and Drug Administration granted accelerated approval to asciminib (Scemblix, Novartis AG) for adult patients with newly diagnosed Philadelphia chromosome-positive chronic myeloid leukemia (Ph+ CML) in chronic phase (CP).
2024-10-18	FDA approves zolbetuximab-clzb with chemotherapy for gastric or gastroesophageal junction adenocarcinoma	On October 18, 2024, the Food and Drug Administration approved zolbetuximab-clzb (Vyloy, Astellas Pharma US, Inc.), a claudin 18.2 (CLDN18.2)-directed cytolytic antibody, with fluoropyrimidine- and platinum-containing chemotherapy, for the first-line treatment of adults with locally advanced unresectable or metastatic human epidermal growth factor receptor 2 (HER2)-negative gastric or gastroesophageal junction (GEJ) adenocarcinoma whose tumors are CLDN18.2 positive, as determined by an FDA-approved test.
2024-10-10	FDA approves inavolisib with palbociclib and fulvestrant for endocrine-resistant, PIK3CA-mutated, HR-positive, HER2-negative, advanced breast cancer	On October 10, 2024, the Food and Drug Administration approved inavolisib (Itovebi, Genentech, Inc.) with palbociclib and fulvestrant for adults with endocrine-resistant, PIK3CA-mutated, hormone receptor (HR)-positive, human epidermal growth-factor receptor 2 (HER2)-negative, locally advanced or metastatic breast cancer, as detected by an FDA-approved test, following recurrence on or after completing adjuvant endocrine therapy.
2024-10-03	FDA approves neoadjuvant/adjuvant nivolumab for resectable non-small cell lung cancer	On October 3, 2024, the Food and Drug Administration approved nivolumab (Opdivo, Bristol Myers Squibb Company) with platinum-doublet chemotherapy as neoadjuvant treatment, followed by single-agent nivolumab after surgery as adjuvant treatment, for adults with resectable (tumors ≥ 4 cm and/or node positive) non-small cell lung cancer (NSCLC) and no known epidermal growth factor receptor (EGFR) mutations or anaplastic lymphoma kinase (ALK) rearrangements.
2024-09-27	FDA approves selpercatinib for medullary thyroid cancer with a RET mutation	On September 27, 2024, the Food and Drug Administration granted traditional approval to selpercatinib (Retevmo, Eli Lilly and Company) for adult and pediatric patients 2 years of age and older with advanced or metastatic medullary thyroid cancer (MTC) with a RET mutation, as detected by an FDA-approved test, who require systemic therapy.
2024-09-25	FDA approves osimertinib for locally advanced, unresectable (stage III) non-small cell lung cancer following chemoradiation therapy	On September 25, 2024, the Food and Drug Administration approved osimertinib (Tagrisso, AstraZeneca Pharmaceuticals) for adult patients with locally advanced, unresectable (stage III) non-small cell lung cancer (NSCLC) whose disease has not progressed during or following concurrent or sequential platinum-based chemoradiation therapy and whose tumors have EGFR exon 19 deletions or exon 21 L858R mutations, as detected by an FDA-approved test.
2024-09-20	FDA approves isatuximab-irfc with bortezomib, lenalidomide, and dexamethasone for newly diagnosed multiple myeloma	On September 20, 2024, the Food and Drug Administration approved isatuximab-irfc (Sarclisa, Sanofi-Aventis U.S. LLC) with bortezomib, lenalidomide, and dexamethasone for adults with newly diagnosed multiple myeloma who are not eligible for autologous stem cell transplant (ASCT).
2024-09-19	FDA approves amivantamab-vmjw with carboplatin and pemetrexed for non-small cell lung cancer with EGFR exon 19 deletions or L858R mutations	On September 19, 2024, the Food and Drug Administration approved amivantamab-vmjw (Rybrevant, Janssen Biotech, Inc.) with carboplatin and pemetrexed for adult patients with locally advanced or metastatic non-small cell lung cancer (NSCLC) with epidermal growth factor receptor (EGFR) exon 19 deletions or exon 21 L858R substitution mutations whose disease has progressed on or after treatment with an EGFR tyrosine kinase inhibitor.
2024-09-17	FDA approves pembrolizumab with chemotherapy for unresectable advanced or metastatic malignant pleural mesothelioma	On September 17, 2024, the Food and Drug Administration approved pembrolizumab (Keytruda, Merck) with pemetrexed and platinum chemotherapy as first-line treatment of unresectable advanced or metastatic malignant pleural mesothelioma (MPM).
2024-09-17	FDA approves Kisqali with an aromatase inhibitor and Kisqali Femara Co-Pack for early high-risk breast cancer	On September 17, 2024, the Food and Drug Administration approved ribociclib (Kisqali, Novartis Pharmaceuticals Corporation) with an aromatase inhibitor for the adjuvant treatment of adults with hormone receptor (HR)-positive, human epidermal growth factor receptor 2 (HER2)-negative stage II and III early breast cancer at high risk of recurrence. Additionally, FDA also approved the ribociclib and letrozole co-pack (Kisqali Femara Co-Pack, Novartis Pharmaceuticals Corporation) for the same indication.
2024-09-12	FDA approves atezolizumab and hyaluronidase-tqjs for subcutaneous injection	On September 12, 2024, the Food and Drug Administration approved atezolizumab and hyaluronidase-tqjs (Tecentriq Hybreza, Genentech, Inc.) for subcutaneous injection for all the adult indications as the intravenous formulation of atezolizumab (Tecentriq, Genentech, Inc.), including non-small cell lung cancer (NSCLC), small cell lung cancer (SCLC), hepatocellular carcinoma (HCC), melanoma, and alveolar soft part sarcoma (ASPS). See the prescribing information for the specific indications.
2024-08-19	FDA approves lazertinib with amivantamab-vmjw for non-small lung cancer	On August 19, 2024, the Food and Drug Administration approved lazertinib (Lazcluze, Janssen Biotech, Inc.) in combination with amivantamab-vmjw (Rybrevant, Janssen Biotech, Inc.) for the first-line treatment of locally advanced or metastatic non-small cell lung cancer (NSCLC) with epidermal growth factor receptor (EGFR) exon 19 deletions or exon 21 L858R substitution mutations, as detected by an FDA-approved test.
2024-08-15	FDA approves neoadjuvant/adjuvant durvalumab for resectable non-small cell lung cancer	On August 15, 2024, the Food and Drug Administration approved durvalumab (Imfinzi, AstraZeneca) with platinum-containing chemotherapy as neoadjuvant treatment, followed by single-agent durvalumab as adjuvant treatment after surgery for adults with resectable (tumors ≥ 4 cm and/or node positive) non-small cell lung cancer (NSCLC) and no known epidermal growth factor receptor (EGFR) mutations or anaplastic lymphoma kinase (ALK) rearrangements.
2024-08-14	FDA approves axatilimab-csfr for chronic graft-versus-host disease	On August 14, 2024, the Food and Drug Administration approved axatilimab-csfr (Niktimvo, Incyte Corporation), a colony stimulating factor-1 receptor-blocking antibody, for the treatment of chronic graft-versus-host disease (cGVHD) after failure of at least two prior lines of systemic therapy in adult and pediatric patients weighing at least 40 kg.
2024-08-06	FDA approves vorasidenib for Grade 2 astrocytoma or oligodendroglioma with a susceptible IDH1 or IDH2 mutation	On August 6, 2024, the Food and Drug Administration approved vorasidenib (Voranigo, Servier Pharmaceuticals LLC), an isocitrate dehydrogenase-1 (IDH1) and isocitrate dehydrogenase-2 (IDH2) inhibitor, for adult and pediatric patients 12 years and older with Grade 2 astrocytoma or oligodendroglioma with a susceptible IDH1 or IDH2 mutation, following surgery including biopsy, sub-total resection, or gross total resection.
2024-08-02	FDA grants accelerated approval to afamitresgene autoleucel for unresectable or metastatic synovial sarcoma	On August 2, 2024, the Food and Drug Administration granted accelerated approval to afamitresgene autoleucel (TECELRA, Adaptimmune, LLC), a melanoma-associated antigen A4 (MAGE-A4)-directed genetically modified autologous T cell immunotherapy, for adults with unresectable or metastatic synovial sarcoma who have received prior chemotherapy, are HLA-A*02:01P, -A*02:02P, -A*02:03P, or -A*02:06P positive and whose tumor expresses the MAGE-A4 antigen as determined by FDA-approved or cleared companion diagnostic devices.
2024-08-01	FDA expands endometrial cancer indication for dostarlimab-gxly with chemotherapy	On August 1, 2024, the Food and Drug Administration approved dostarlimab-gxly (Jemperli, GSK) with carboplatin and paclitaxel, followed by single-agent dostarlimab-gxly, for adult patients with primary advanced or recurrent endometrial cancer (EC).
2024-07-30	FDA approves daratumumab and hyaluronidase-fihj with bortezomib, lenalidomide, and dexamethasone for multiple myeloma	On July 30, 2024, the Food and Drug Administration approved daratumumab and hyaluronidase-fihj (Darzalex Faspro, Janssen Research & Development, LLC) in combination with bortezomib, lenalidomide, and dexamethasone for induction and consolidation in patients with newly diagnosed multiple myeloma who are eligible for autologous stem cell transplant (ASCT).
2024-06-26	FDA grants accelerated approval to epcoritamab-bysp for relapsed or refractory follicular lymphoma	On June 26, 2024, the Food and Drug Administration granted accelerated approval to epcoritamab-bysp (Epkinly, Genmab US, Inc.), a bispecific CD20-directed CD3 T-cell engager, for adult patients with relapsed or refractory follicular lymphoma (FL) after two or more lines of systemic therapy.
2024-06-21	FDA grants accelerated approval to adagrasib with cetuximab for KRAS G12C-mutated colorectal cancer	On June 21, 2024, the Food and Drug Administration granted accelerated approval to adagrasib (Krazati; Mirati Therapeutics, Inc.) plus cetuximab for adults with KRAS G12C-mutated locally advanced or metastatic colorectal cancer (CRC), as determined by an FDA-approved test, who have received prior treatment with fluoropyrimidine-, oxaliplatin-, and irinotecan-based chemotherapy.
2024-06-17	FDA approves pembrolizumab with chemotherapy for primary advanced or recurrent endometrial carcinoma	On June 17, 2024, the Food and Drug Administration approved pembrolizumab (Keytruda, Merck) with carboplatin and paclitaxel, followed by single-agent pembrolizumab, for adult patients with primary advanced or recurrent endometrial carcinoma.
2024-06-14	FDA approves blinatumomab as consolidation for CD19-positive Philadelphia chromosome-negative B-cell precursor acute lymphoblastic leukemia	On June 14, 2024, the Food and Drug Administration approved blinatumomab (Blincyto, Amgen Inc.) for adult and pediatric patients one month and older with CD19-positive Philadelphia chromosome-negative B-cell precursor acute lymphoblastic leukemia (Ph-negative BCP ALL) in the consolidation phase of multiphase chemotherapy.
2024-06-14	FDA approves durvalumab with chemotherapy for mismatch repair deficient primary advanced or recurrent endometrial cancer	On June 14, 2024, the Food and Drug Administration approved durvalumab (Imfinzi, AstraZeneca UK Limited) with carboplatin plus paclitaxel followed by single-agent durvalumab for adult patients with primary advanced or recurrent endometrial cancer that is mismatch repair deficient (dMMR).
2024-06-13	FDA grants accelerated approval to repotrectinib for adult and pediatric patients with NTRK gene fusion-positive solid tumors	On June 13, 2024, the Food and Drug Administration granted accelerated approval to repotrectinib (AUGTYRO, Bristol-Myers Squibb Company) for adult and pediatric patients 12 years and older with solid tumors that have a neurotrophic tyrosine receptor kinase ( NTRK ) gene fusion, are locally advanced or metastatic or where surgical resection is likely to result in severe morbidity, and that have progressed following treatment or have no satisfactory alternative therapy.
2024-06-12	FDA approves selpercatinib for RET fusion-positive thyroid cancer	On June 12, 2024, the Food and Drug Administration granted traditional approval to selpercatinib (Retevmo, Eli Lilly and Company) for adult and pediatric patients 2 years of age and older with advanced or metastatic RET fusion-positive thyroid cancer who require systemic therapy and who are radioactive iodine-refractory (if radioactive iodine is appropriate).
2024-06-06	FDA approves imetelstat for low- to intermediate-1 risk myelodysplastic syndromes with transfusion-dependent anemia	On June 6, 2024, the Food and Drug Administration approved imetelstat (Rytelo, Geron Corporation), an oligonucleotide telomerase inhibitor, for adults with low- to intermediate-1 risk myelodysplastic syndromes (MDS) with transfusion-dependent anemia requiring four or more red blood cell units over 8 weeks who have not responded to or have lost response to or are ineligible for erythropoiesis-stimulating agents (ESAs).
2024-05-30	FDA approves lisocabtagene maraleucel for relapsed or refractory mantle cell lymphoma	On May 30, 2024, the Food and Drug Administration approved lisocabtagene maraleucel (Breyanzi, Juno Therapeutics, Inc.) for adult patients with relapsed or refractory mantle cell lymphoma (MCL) who have received at least two prior lines of systemic therapy, including a Bruton tyrosine kinase inhibitor (BTKi).
2024-05-29	FDA grants accelerated approval to selpercatinib for pediatric patients two years and older with RET-altered metastatic thyroid cancer or solid tumors	On May 29, 2024, the Food and Drug Administration granted accelerated approval to selpercatinib (Retevmo, Eli Lilly and Company) for pediatric patients two years of age and older.
2024-05-16	FDA grants accelerated approval to tarlatamab-dlle for extensive stage small cell lung cancer	On May 16, 2024, the Food and Drug Administration granted accelerated approval to tarlatamab-dlle (Imdelltra, Amgen, Inc.) for extensive stage small cell lung cancer (ES-SCLC) with disease progression on or after platinum-based chemotherapy.
2024-05-15	FDA grants accelerated approval to lisocabtagene maraleucel for follicular lymphoma	On May 15, 2024, the Food and Drug Administration granted accelerated approval to lisocabtagene maraleucel (Breyanzi, Juno Therapeutics, Inc.) for adults with relapsed or refractory follicular lymphoma (FL) who have received two or more prior lines of systemic therapy.
2024-04-29	FDA approves tisotumab vedotin-tftv for recurrent or metastatic cervical cancer	On April 29, 2024, the Food and Drug Administration granted traditional approval to tisotumab vedotin-tftv (Tivdak, Seagen Inc. [now a part of Pfizer Inc.]) for recurrent or metastatic cervical cancer with disease progression on or after chemotherapy. Tisotumab vedotin-tftv previously received accelerated approval for this indication.
2024-04-23	FDA grants accelerated approval to tovorafenib for patients with relapsed or refractory BRAF-altered pediatric low-grade glioma	On April 23, 2024, the Food and Drug Administration granted accelerated approval to tovorafenib (Ojemda, Day One Biopharmaceuticals, Inc.) for patients 6 months of age and older with relapsed or refractory pediatric low-grade glioma (LGG) harboring a BRAF fusion or rearrangement, or BRAF V600 mutation.
2024-04-23	FDA approves lutetium Lu 177 dotatate for pediatric patients 12 years and older with GEP-NETS	On April 23, 2024, the Food and Drug Administration approved lutetium Lu 177 dotatate (Lutathera, Advanced Accelerator Applications USA, Inc., a Novartis company) for pediatric patients 12 years and older with somatostatin receptor (SSTR)-positive gastroenteropancreatic neuroendocrine tumors (GEP-NETs), including foregut, midgut, and hindgut neuroendocrine tumors. Lutetium Lu 177 dotatate received approval for this indication for adults in 2018.
2024-04-22	FDA approves nogapendekin alfa inbakicept-pmln for BCG-unresponsive non-muscle invasive bladder cancer	On April 22, 2024, the Food and Drug Administration approved nogapendekin alfa inbakicept-pmln (Anktiva, Altor BioScience, LLC) with Bacillus Calmette-Guérin (BCG) for adult patients with BCG-unresponsive non-muscle invasive bladder cancer (NMIBC) with carcinoma in situ (CIS) with or without papillary tumors.
2024-04-18	FDA approves alectinib as adjuvant treatment for ALK-positive non-small cell lung cancer	On April 18, 2024, the Food and Drug Administration approved alectinib (Alecensa, Genentech, Inc.) for adjuvant treatment following tumor resection in patients with anaplastic lymphoma kinase (ALK)-positive non-small cell lung cancer (NSCLC), as detected by an FDA-approved test.
2024-04-05	FDA grants accelerated approval to fam-trastuzumab deruxtecan-nxki for unresectable or metastatic HER2-positive solid tumors	On April 5, 2024, the Food and Drug Administration granted accelerated approval to fam-trastuzumab deruxtecan-nxki (Enhertu, Daiichi Sankyo, Inc.) for adult patients with unresectable or metastatic HER2-positive (IHC3+) solid tumors who have received prior systemic treatment and have no satisfactory alternative treatment options.
2024-03-22	FDA approves mirvetuximab soravtansine-gynx for FRα positive, platinum-resistant epithelial ovarian, fallopian tube, or primary peritoneal cancer	On March 22, 2024, the Food and Drug Administration approved mirvetuximab soravtansine-gynx (Elahere, ImmunoGen, Inc. [now a part of AbbVie]) for adult patients with FRα positive, platinum-resistant epithelial ovarian, fallopian tube, or primary peritoneal cancer, who have received one to three prior systemic treatment regimens. Patients are selected based on an FDA-approved test.
2024-03-21	FDA approves safety labeling changes regarding DPD deficiency for fluorouracil injection products	On March 21, 2024, the Food and Drug Administration approved safety labeling changes for fluorouracil injection products. This effort was a collaboration between FDA’s Office of Generic Drugs and the Oncology Center of Excellence (OCE).
2024-03-19	FDA grants accelerated approval to ponatinib with chemotherapy for newly diagnosed Philadelphia chromosome-positive acute lymphoblastic leukemia	On March 19, 2024, the Food and Drug Administration granted accelerated approval to ponatinib (Iclusig, Takeda Pharmaceuticals U.S.A., Inc.) with chemotherapy for adult patients with newly diagnosed Philadelphia chromosome-positive acute lymphoblastic leukemia (Ph+ ALL).
2024-03-07	FDA grants accelerated approval to zanubrutinib for relapsed or refractory follicular lymphoma	On March 7, 2024, the Food and Drug Administration granted accelerated approval to zanubrutinib (Brukinsa, BeiGene USA, Inc.) with obinutuzumab for relapsed or refractory follicular lymphoma (FL) after two or more lines of systemic therapy.
2024-03-07	FDA approves nivolumab in combination with cisplatin and gemcitabine for unresectable or metastatic urothelial carcinoma	On March 6, 2024, the Food and Drug Administration approved nivolumab (Opdivo, Bristol-Myers Squibb Company) in combination with cisplatin and gemcitabine for first-line treatment of adult patients with unresectable or metastatic urothelial carcinoma (UC).
2024-03-06	FDA approves inotuzumab ozogamicin for pediatric patients with acute lymphoblastic leukemia	On March 6, 2024, the Food and Drug Administration approved inotuzumab ozogamicin (Besponsa, Pfizer) for pediatric patients 1 year and older with relapsed or refractory CD22-positive B-cell precursor acute lymphoblastic leukemia (ALL).
2024-03-01	FDA approves amivantamab-vmjw for EGFR exon 20 insertion-mutated non-small cell lung cancer indications	On March 1, 2024, the Food and Drug Administration approved amivantamab-vmjw (Rybrevant, Janssen Biotech, Inc.) with carboplatin and pemetrexed for the first-line treatment of locally advanced or metastatic non-small cell lung cancer (NSCLC) with epidermal growth factor receptor (EGFR) exon 20 insertion mutations, as detected by an FDA-approved test.
2024-02-16	FDA approves osimertinib with chemotherapy for EGFR-mutated non-small cell lung cancer	On February 16, 2024, the Food and Drug Administration approved osimertinib (Tagrisso, AstraZeneca Pharmaceuticals LP) with platinum-based chemotherapy for patients with locally advanced or metastatic non-small cell lung cancer (la/mNSCLC) whose tumors have EGFR exon 19 deletions or exon 21 L858R mutations, as detected by an FDA-approved test.
2024-02-16	FDA grants accelerated approval to lifileucel for unresectable or metastatic melanoma	On February 16, 2024, the Food and Drug Administration granted accelerated approval to lifileucel (Amtagvi, Iovance Biotherapeutics, Inc.), a tumor-derived autologous T cell immunotherapy, for adult patients with unresectable or metastatic melanoma previously treated with a PD-1 blocking antibody, and if BRAF V600 positive, a BRAF inhibitor with or without a MEK inhibitor.
2024-02-15	FDA approves tepotinib for metastatic non-small cell lung cancer	On February 15, 2024, the Food and Drug Administration granted traditional approval to tepotinib (Tepmetko, EMD Serono, Inc.) for adult patients with metastatic non-small cell lung cancer (NSCLC) harboring mesenchymal-epithelial transition (MET) exon 14 skipping alterations.
2024-02-13	FDA approves irinotecan liposome for first-line treatment of metastatic pancreatic adenocarcinoma	On February 13, 2024, the Food and Drug Administration approved irinotecan liposome (Onivyde, Ipsen Biopharmaceuticals, Inc.) with oxaliplatin, fluorouracil, and leucovorin, for the first-line treatment of metastatic pancreatic adenocarcinoma.
2024-01-18	FDA approves erdafitinib for locally advanced or metastatic urothelial carcinoma	On January 19, 2024, the Food and Drug Administration approved erdafitinib (Balversa, Janssen Biotech) for adult patients with locally advanced or metastatic urothelial carcinoma (mUC) with susceptible FGFR3 genetic alterations, as determined by an FDA-approved companion diagnostic test, whose disease has progressed on or after at least one line of prior systemic therapy. Erdafitinib is not recommended for the treatment of patients who are eligible for and have not received prior PD-1 or PD-L1 inhibitor therapy. This approval amends the indication previously granted under accelerated approval for patients with mUC with susceptible FGFR3 or FGFR2 alterations after prior platinum-containing chemotherapy.
2024-01-12	FDA approves pembrolizumab with chemoradiotherapy for FIGO 2014 Stage III-IVA cervical cancer	On January 12, 2024, the Food and Drug Administration approved pembrolizumab (Keytruda, Merck) with chemoradiotherapy (CRT) for patients with FIGO 2014 Stage III-IVA cervical cancer.
2023-12-15	FDA approves enfortumab vedotin-ejfv with pembrolizumab for locally advanced or metastatic urothelial cancer	On December 15, 2023, the Food and Drug Administration (FDA) approved enfortumab vedotin-ejfv (Padcev, Astellas Pharma) in combination with pembrolizumab (Keytruda, Merck) for patients with locally advanced or metastatic urothelial cancer (la/mUC). FDA previously granted accelerated approval to this combination for patients with la/mUC who are ineligible for cisplatin-containing chemotherapy.
2023-12-14	FDA approves belzutifan for advanced renal cell carcinoma	On December 14, 2023, the Food and Drug Administration approved belzutifan (Welireg, Merck & Co., Inc.) for patients with advanced renal cell carcinoma (RCC) following a programmed death receptor-1 (PD-1) or programmed death-ligand 1 (PD-L1) inhibitor and a vascular endothelial growth factor tyrosine kinase inhibitor (VEGF-TKI).
2023-12-13	FDA approves eflornithine for adult and pediatric patients with high-risk neuroblastoma	On December 13, 2023, the Food and Drug Administration approved eflornithine (IWILFIN, USWM, LLC) to reduce the risk of relapse in adult and pediatric patients with high-risk neuroblastoma (HRNB) who have demonstrated at least a partial response to prior multiagent, multimodality therapy including anti-GD2 immunotherapy.
2023-12-01	FDA grants accelerated approval to pirtobrutinib for chronic lymphocytic leukemia and small lymphocytic lymphoma	On December 1, 2023, the Food and Drug Administration granted accelerated approval to pirtobrutinib (Jaypirca, Eli Lilly and Company) for adults with chronic lymphocytic leukemia or small lymphocytic lymphoma (CLL/SLL) who have received at least two prior lines of therapy, including a BTK inhibitor and a BCL-2 inhibitor.
2023-11-27	FDA approves nirogacestat for desmoid tumors	On November 27, 2023, the Food and Drug Administration approved nirogacestat (OGSIVEO, SpringWorks Therapeutics, Inc.) for adult patients with progressing desmoid tumors who require systemic treatment. This is the first approved treatment for desmoid tumors.
2023-11-17	FDA approves enzalutamide for non-metastatic castration-sensitive prostate cancer with biochemical recurrence	On November 16, 2023, the Food and Drug Administration approved enzalutamide (Xtandi, Astellas Pharma US, Inc.) for non-metastatic castration-sensitive prostate cancer (nmCSPC) with biochemical recurrence at high risk for metastasis (high-risk BCR).
2023-11-16	FDA approves capivasertib with fulvestrant for breast cancer	On November 16, 2023, the Food and Drug Administration approved capivasertib (Truqap, AstraZeneca Pharmaceuticals) with fulvestrant for adult patients with hormone receptor (HR)-positive, human epidermal growth factor receptor 2 (HER2)-negative locally advanced or metastatic breast cancer with one or more PIK3CA/AKT1/PTEN-alterations, as detected by an FDA-approved test, following progression on at least one endocrine-based regimen in the metastatic setting or recurrence on or within 12 months of completing adjuvant therapy.
2023-11-16	FDA approves pembrolizumab with chemotherapy for HER2-negative gastric or gastroesophageal junction adenocarcinoma	On November 16, 2023, the Food and Drug Administration approved pembrolizumab (Keytruda, Merck) with fluoropyrimidine- and platinum-containing chemotherapy for the first-line treatment of adults with locally advanced unresectable or metastatic HER2-negative gastric or gastroesophageal junction (GEJ) adenocarcinoma.
2023-11-15	FDA approves repotrectinib for ROS1-positive non-small cell lung cancer	On November 15, 2023, the Food and Drug Administration approved repotrectinib (Augtyro, Bristol-Myers Squibb Company) for locally advanced or metastatic ROS1-positive non-small cell lung cancer (NSCLC).
2023-11-08	FDA approves fruquintinib in refractory metastatic colorectal cancer	On November 8, 2023, the Food and Drug Administration approved fruquintinib (Fruzaqla, Takeda Pharmaceuticals, Inc.) for adult patients with metastatic colorectal cancer (mCRC) who received prior fluoropyrimidine-, oxaliplatin-, and irinotecan-based chemotherapy, an anti-VEGF therapy, and, if RAS wild-type and medically appropriate, an anti-EGFR therapy.
2023-11-07	FDA amends pembrolizumab’s gastric cancer indication	On November 7, 2023, the Food and Drug Administration revised the existing indication of pembrolizumab (Keytruda, Merck) with trastuzumab, fluoropyrimidine, and platinum-containing chemotherapy for the first-line treatment of patients with locally advanced unresectable or metastatic HER2-positive gastric or gastroesophageal junction (GEJ) adenocarcinoma. This updated indication, which remains approved under accelerated approval regulations, restricts its use to patients whose tumors express PD-L1 (CPS ≥ 1) as determined by an FDA-approved test.
2023-10-31	FDA approves pembrolizumab with chemotherapy for biliary tract cancer	On October 31, 2023, the Food and Drug Administration approved pembrolizumab (Keytruda, Merck) to be used with gemcitabine and cisplatin for locally advanced unresectable or metastatic biliary tract cancer (BTC).
2023-10-27	FDA approves toripalimab-tpzi for nasopharyngeal carcinoma	On October 27, 2023, the Food and Drug Administration approved toripalimab-tpzi (LOQTORZ, Coherus BioSciences, Inc.) with cisplatin and gemcitabine for the first-line treatment of adults with metastatic or recurrent, locally advanced nasopharyngeal carcinoma (NPC). FDA also approved toripalimab-tpzi as a single agent for adults with recurrent unresectable or metastatic NPC with disease progression on or after a platinum-containing chemotherapy.
2023-10-24	FDA approves ivosidenib for myelodysplastic syndromes	On October 24, 2023, the Food and Drug Administration approved ivosidenib (Tibsovo, Servier Pharmaceuticals LLC) for adult patients with relapsed or refractory myelodysplastic syndromes (MDS) with a susceptible isocitrate dehydrogenase-1 (IDH1) mutation, as detected by an FDA-approved test.
2023-10-20	FDA expands pediatric indication for entrectinib and approves new pellet formulation	On October 20, 2023, the Food and Drug Administration granted accelerated approval to entrectinib (Rozlytrek, Genentech Inc.) for pediatric patients older than 1 month with solid tumors that have a neurotrophic tyrosine receptor kinase (NTRK) gene fusion without a known acquired resistance mutation, are metastatic or where surgical resection is likely to result in severe morbidity, and have progressed following treatment or have no satisfactory standard therapy. In August 2019, FDA granted accelerated approval to entrectinib for pediatric patients 12 years of age and older for this indication.
2023-10-16	FDA approves neoadjuvant/ adjuvant pembrolizumab for resectable non-small cell lung cancer	On October 16, 2023, the Food and Drug Administration approved pembrolizumab (Keytruda, Merck) with platinum-containing chemotherapy as neoadjuvant treatment, and with continuation of single-agent pembrolizumab as post-surgical adjuvant treatment for resectable (tumors ≥4 cm or node positive) non-small cell lung cancer (NSCLC).
2023-10-13	FDA approves nivolumab for adjuvant treatment of Stage IIB/C melanoma	On October 13, 2023, the Food and Drug Administration approved nivolumab (Opdivo, Bristol-Myers Squibb Company) for the adjuvant treatment of completely resected Stage IIB/C melanoma in patients 12 years and older.
2023-10-11	FDA approves encorafenib with binimetinib for metastatic non-small cell lung cancer with a BRAF V600E mutation	On October 11, 2023, the Food and Drug Administration approved encorafenib (Braftovi, Array BioPharma Inc., a wholly owned subsidiary of Pfizer) with binimetinib (Mektovi, Array BioPharma Inc.) for adult patients with metastatic non-small cell lung cancer (NSCLC) with a BRAF V600E mutation, as detected by an FDA-approved test.
2023-09-26	FDA approves bosutinib for pediatric patients with chronic myelogenous leukemia	On September 26, 2023, the Food and Drug Administration approved bosutinib (Bosulif, Pfizer) for pediatric patients 1 year of age and older with chronic phase (CP) Ph+ chronic myelogenous leukemia (CML) that is newly diagnosed (ND) or resistant or intolerant (R/I) to prior therapy. The FDA also approved a new capsule dosage form available in strengths of 50 mg and 100 mg.
2023-09-14	FDA approves new and updated indications for temozolomide under Project Renewal	On September 14, 2023, the Food and Drug Administration (FDA) approved updated labeling for temozolomide (Temodar, Merck) under Project Renewal, an Oncology Center of Excellence (OCE) initiative aimed at updating labeling information for older oncology drugs to ensure information is clinically meaningful and scientifically up-to-date. This is the second drug to receive a labeling update under this pilot program. The first drug that received approval under Project Renewal was capecitabine (Xeloda).
2023-08-14	FDA approves melphalan as a liver-directed treatment for uveal melanoma	On August 14, 2023, the Food and Drug Administration approved HEPZATO KIT (melphalan for Injection/Hepatic Delivery System) containing melphalan (HEPZATO, Delcath Systems, Inc.) as a liver-directed treatment for adult patients with uveal melanoma with unresectable hepatic metastases affecting less than 50% of the liver and no extrahepatic disease, or extrahepatic disease limited to the bone, lymph nodes, subcutaneous tissues, or lung that is amenable to resection or radiation.
2023-08-14	FDA grants accelerated approval to elranatamab-bcmm for multiple myeloma	On August 14, 2023, the Food and Drug Administration granted accelerated approval to elranatamab-bcmm (Elrexfio, Pfizer, Inc.), a bispecific B-cell maturation antigen (BCMA)-directed CD3 T-cell engager, for adults with relapsed or refractory multiple myeloma who have received at least four prior lines of therapy, including a proteasome inhibitor, an immunomodulatory agent, and an anti-CD38 monoclonal antibody.
2023-08-11	FDA approves niraparib and abiraterone acetate plus prednisone for BRCA-mutated metastatic castration-resistant prostate cancer	On August 11, 2023, the Food and Drug Administration approved the fixed dose combination of niraparib and abiraterone acetate (Akeega, Janssen Biotech, Inc.), with prednisone, for adult patients with deleterious or suspected deleterious BRCA-mutated castration-resistant prostate cancer (mCRPC), as determined by an FDA-approved test.
2023-08-09	FDA grants accelerated approval to talquetamab-tgvs for relapsed or refractory multiple myeloma	On August 9, 2023, the Food and Drug Administration granted accelerated approval to talquetamab-tgvs (Talvey, Janssen Biotech, Inc.) adults with relapsed or refractory multiple myeloma who have received at least four prior lines of therapy, including a proteasome inhibitor, an immunomodulatory agent, and an anti-CD38 monoclonal antibody.
2023-08-09	FDA approves pralsetinib for non-small cell lung cancer with RET gene fusions	On August 9, 2023, the Food and Drug Administration granted regular approval to pralsetinib (Gavreto, Genentech, Inc.) for adult patients with metastatic rearranged during transfection (RET) fusion-positive non-small cell lung cancer (NSCLC) as detected by an FDA-approved test.
2023-08-02	FDA approves trifluridine and tipiracil with bevacizumab for previously treated metastatic colorectal cancer	On August 2, 2023, the Food and Drug Administration approved trifluridine and tipiracil (LONSURF, Taiho Oncology, Inc.) with bevacizumab, for metastatic colorectal cancer (mCRC) previously treated with fluoropyrimidine-, oxaliplatin- and irinotecan-based chemotherapy, an anti-VEGF biological therapy, and if RAS wild-type, an anti-EGFR therapy. FDA had previously approved single-agent LONSURF for this indication in September 2015.
2023-07-31	FDA approves dostarlimab-gxly with chemotherapy for endometrial cancer	On July 31, 2023, the Food and Drug Administration approved dostarlimab-gxly (Jemperli, GlaxoSmithKline) with carboplatin and paclitaxel, followed by single-agent dostarlimab-gxly, for primary advanced or recurrent endometrial cancer (EC) that is mismatch repair deficient (dMMR), as determined by an FDA-approved test, or microsatellite instability-high (MSI-H).
2023-07-20	FDA approves quizartinib for newly diagnosed acute myeloid leukemia	On July 20, 2023, the Food and Drug Administration approved quizartinib (Vanflyta, Daiichi Sankyo, Inc.) with standard cytarabine and anthracycline induction and cytarabine consolidation, and as maintenance monotherapy following consolidation chemotherapy, for the treatment of adult patients with newly diagnosed acute myeloid leukemia (AML) that is FLT3 internal tandem duplication (ITD)-positive, as detected by an FDA-approved test.
2023-06-20	FDA approves talazoparib with enzalutamide for HRR gene-mutated metastatic castration-resistant prostate cancer	On June 20, 2023, the Food and Drug Administration approved talazoparib (Talzenna, Pfizer, Inc.) with enzalutamide for homologous recombination repair (HRR) gene-mutated metastatic castration-resistant prostate cancer (mCRPC).
2023-06-16	FDA grants accelerated approval to glofitamab-gxbm for selected relapsed or refractory large B-cell lymphomas	On June 15, 2023, the Food and Drug Administration granted accelerated approval to glofitamab-gxbm (Columvi, Genentech, Inc.) for relapsed or refractory diffuse large B-cell lymphoma, not otherwise specified (DLBCL, NOS) or large B-cell lymphoma (LBCL) arising from follicular lymphoma, after two or more lines of systemic therapy.
2023-05-31	FDA approves olaparib with abiraterone and prednisone (or prednisolone) for BRCA-mutated metastatic castration-resistant prostate cancer	On May 31, 2023, the Food and Drug Administration approved olaparib (Lynparza, AstraZeneca Pharmaceuticals LP) with abiraterone and prednisone (or prednisolone) for adult patients with deleterious or suspected deleterious BRCA-mutated (BRCAm) metastatic castration-resistant prostate cancer (mCRPC), as determined by an FDA-approved companion diagnostic test.
2023-05-19	FDA grants accelerated approval to epcoritamab-bysp for relapsed or refractory diffuse large B-cell lymphoma and high-grade B-cell lymphoma	On May 19, 2023, the Food and Drug Administration granted accelerated approval to epcoritamab-bysp (Epkinly, Genmab US, Inc.) for relapsed or refractory diffuse large B-cell lymphoma (DLBCL) not otherwise specified, including DLBCL arising from indolent lymphoma, and high-grade B-cell lymphoma after two or more lines of systemic therapy.
2023-04-19	FDA approves polatuzumab vedotin-piiq for previously untreated diffuse large B-cell lymphoma, not otherwise specified, and high-grade B-cell lymphoma	On April 19, 2023, the Food and Drug Administration approved polatuzumab vedotin-piiq (Polivy, Genentech, Inc.) with a rituximab product, cyclophosphamide, doxorubicin, and prednisone (R-CHP) for adult patients who have previously untreated diffuse large B-cell lymphoma (DLBCL), not otherwise specified (NOS), or high-grade B-cell lymphoma (HGBL) and who have an International Prognostic Index (IPI) score of 2 or greater.
2023-04-17	FDA approves omidubicel to reduce time to neutrophil recovery and infection in patients with hematologic malignancies	On April 17, 2023, the Food and Drug Administration approved omidubicel-onlv (Omisirge, Gamida Cell Ltd.) for use in adult and pediatric patients (12 years and older) with hematologic malignancies who are planned for umbilical cord blood transplantation following myeloablative conditioning to reduce the time to neutrophil recovery and the incidence of infection.
2023-04-03	FDA grants accelerated approval to enfortumab vedotin-ejfv with pembrolizumab for locally advanced or metastatic urothelial carcinoma	On April 3, 2023, the Food and Drug Administration granted accelerated approval to enfortumab vedotin-ejfv (Padcev, Astellas Pharma) with pembrolizumab (Keytruda, Merck) for patients with locally advanced or metastatic urothelial carcinoma who are ineligible for cisplatin-containing chemotherapy.
2023-03-22	FDA grants accelerated approval to retifanlimab-dlwr for metastatic or recurrent locally advanced Merkel cell carcinoma	On March 22, 2023, the Food and Drug Administration granted accelerated approval to retifanlimab-dlwr (Zynyz, Incyte Corporation) for adult patients with metastatic or recurrent locally advanced Merkel cell carcinoma (MCC).
2023-03-16	FDA approves dabrafenib with trametinib for pediatric patients with low-grade glioma with a BRAF V600E mutation	On March 16, 2023, the Food and Drug Administration approved dabrafenib (Tafinlar, Novartis) with trametinib (Mekinist, Novartis) for pediatric patients 1 year of age and older with low-grade glioma (LGG) with a BRAF V600E mutation who require systemic therapy. The FDA also approved new oral formulations of both drugs suitable for patients who cannot swallow pills.
2023-03-03	FDA expands early breast cancer indication for abemaciclib with endocrine therapy	On March 3, 2023, the Food and Drug Administration (FDA) approved abemaciclib (Verzenio, Eli Lilly and Company) with endocrine therapy (tamoxifen or an aromatase inhibitor) for the adjuvant treatment of adult patients with hormone receptor (HR)-positive, human epidermal growth factor receptor 2 (HER2)-negative, node-positive, early breast cancer at high risk of recurrence.
2023-02-09	FDA grants regular approval to dostarlimab-gxly for dMMR endometrial cancer	On February 9, 2023, the Food and Drug Administration (FDA) approved dostarlimab-gxly (Jemperli, GlaxoSmithKline LLC) for adult patients with mismatch repair deficient (dMMR) recurrent or advanced endometrial cancer, as determined by an FDA-approved test, that has progressed on or following a prior platinum-containing regimen in any setting and are not candidates for curative surgery or radiation.
2023-02-03	FDA approves sacituzumab govitecan-hziy for HR-positive breast cancer	On February 3, 2023, the Food and Drug Administration (FDA) approved sacituzumab govitecan-hziy (Trodelvy, Gilead Sciences, Inc.) for unresectable locally advanced or metastatic hormone receptor (HR)-positive, human epidermal growth factor receptor 2 (HER2)-negative (IHC 0, IHC 1+ or IHC 2+/ISH-) breast cancer who have received endocrine-based therapy and at least two additional systemic therapies in the metastatic setting.
2023-01-27	FDA approves elacestrant for ER-positive, HER2-negative, ESR1-mutated advanced or metastatic breast cancer	On January 27, 2023, the Food and Drug Administration (FDA) approved elacestrant (Orserdu, Stemline Therapeutics, Inc.) for postmenopausal women or adult men with ER-positive, HER2-negative, ESR1-mutated advanced or metastatic breast cancer with disease progression following at least one line of endocrine therapy.
2023-01-27	FDA grants accelerated approval to pirtobrutinib for relapsed or refractory mantle cell lymphoma	On January 27, 2023, the Food and Drug Administration (FDA) granted accelerated approval to pirtobrutinib (Jaypirca, Eli Lilly and Company) for relapsed or refractory mantle cell lymphoma (MCL) after at least two lines of systemic therapy, including a BTK inhibitor.
2023-01-26	FDA approves pembrolizumab as adjuvant treatment for non-small cell lung cancer	On January 26, 2023, the Food and Drug Administration (FDA) approved pembrolizumab (Keytruda, Merck) for adjuvant treatment following resection and platinum-based chemotherapy for stage IB (T2a ≥4 cm), II, or IIIA non-small cell lung cancer (NSCLC).
2023-01-19	FDA approves zanubrutinib for chronic lymphocytic leukemia or small lymphocytic lymphoma	On January 19, 2023, the Food and Drug Administration (FDA) approved zanubrutinib (Brukinsa, BeiGene USA, Inc.) for chronic lymphocytic leukemia (CLL) or small lymphocytic lymphoma (SLL).
2023-01-19	FDA grants accelerated approval to tucatinib with trastuzumab for colorectal cancer	On January 19, 2023, the Food and Drug Administration (FDA) granted accelerated approval to tucatinib (Tukysa, Seagen Inc.) in combination with trastuzumab for RAS wild-type HER2-positive unresectable or metastatic colorectal cancer that has progressed following fluoropyrimidine-, oxaliplatin-, and irinotecan-based chemotherapy.
